{
  "layer1_intent_ms": 0.8063019995461218,
  "layer2_speculator_ms": 0.0,
  "layer2_solver_ms": 22621.07157400169,
  "layer2_solver_llm_ms": 22620.89424399892,
  "layer2_solver_assign_ms": 0.17733000277075917,
  "layer4_pipeline_s": 261.9382246130008,
  "layer4_draft_s": 0,
  "speculator_vs_solver_speedup": 0
}