{
  "layer1_intent_ms": 1.7503019989817403,
  "layer2_speculator_ms": 0.0,
  "layer2_solver_ms": 0.13786300041829236,
  "layer2_solver_llm_ms": 0.0,
  "layer2_solver_assign_ms": 0.13786300041829236,
  "layer4_pipeline_s": 312.2290165279992,
  "layer4_draft_s": 0,
  "speculator_vs_solver_speedup": 0
}