{
  "layer1_intent_ms": 1.082086000678828,
  "layer2_speculator_ms": 0.0,
  "layer2_solver_ms": 0.09823700020206161,
  "layer2_solver_llm_ms": 0.0,
  "layer2_solver_assign_ms": 0.09823700020206161,
  "layer4_pipeline_s": 239.9931371040002,
  "layer4_draft_s": 0,
  "speculator_vs_solver_speedup": 0
}