{
  "layer1_intent_ms": 1.0453200011397712,
  "layer2_speculator_ms": 56945.51264700203,
  "layer2_solver_ms": 21766.669431999617,
  "layer2_solver_llm_ms": 21766.518295000424,
  "layer2_solver_assign_ms": 0.1511369991931133,
  "layer4_pipeline_s": 233.49132643700068,
  "layer4_draft_s": 0,
  "speculator_vs_solver_speedup": 0.38223678074387396
}