{
  "layer1_intent_ms": 1.289075999011402,
  "layer2_speculator_ms": 0.0,
  "layer2_solver_ms": 50520.785765000255,
  "layer2_solver_llm_ms": 50520.56227899993,
  "layer2_solver_assign_ms": 0.2234860003227368,
  "layer4_pipeline_s": 395.7894010270011,
  "layer4_draft_s": 0,
  "speculator_vs_solver_speedup": 0
}