{
  "layer1_intent_ms": 1.5848900002310984,
  "layer2_speculator_ms": 59589.41216899984,
  "layer2_solver_ms": 39535.17669200119,
  "layer2_solver_llm_ms": 39535.0096279999,
  "layer2_solver_assign_ms": 0.16706400128896348,
  "layer4_pipeline_s": 377.45112211800006,
  "layer4_draft_s": 0,
  "speculator_vs_solver_speedup": 0.6634597532171754
}