{
  "layer1_intent_ms": 2.200707000156399,
  "layer2_speculator_ms": 48014.98381999954,
  "layer2_solver_ms": 185594.04895400075,
  "layer2_solver_llm_ms": 185593.91934999987,
  "layer2_solver_assign_ms": 0.12960400088923052,
  "layer4_pipeline_s": 175.34984826599975,
  "layer4_draft_s": 0,
  "speculator_vs_solver_speedup": 3.8653360719595993
}