{
  "layer1_intent_ms": 1.1982649994024541,
  "layer2_speculator_ms": 59387.18436600175,
  "layer2_solver_ms": 32700.248468998325,
  "layer2_solver_llm_ms": 32700.062412997795,
  "layer2_solver_assign_ms": 0.18605600052978843,
  "layer4_pipeline_s": 256.76607374000014,
  "layer4_draft_s": 0,
  "speculator_vs_solver_speedup": 0.5506280322614304
}