{
  "layer1_intent_ms": 1.2431220002326882,
  "layer2_speculator_ms": 0.0,
  "layer2_solver_ms": 35916.05176600024,
  "layer2_solver_llm_ms": 35915.86816800009,
  "layer2_solver_assign_ms": 0.18359800014877692,
  "layer4_pipeline_s": 289.3736350229992,
  "layer4_draft_s": 0,
  "speculator_vs_solver_speedup": 0
}