{
  "layer1_intent_ms": 1.0221509999155387,
  "layer2_speculator_ms": 0.0,
  "layer2_solver_ms": 19110.863230000177,
  "layer2_solver_llm_ms": 19110.71833699998,
  "layer2_solver_assign_ms": 0.14489300019704388,
  "layer4_pipeline_s": 209.49833969299993,
  "layer4_draft_s": 0,
  "speculator_vs_solver_speedup": 0
}