{
  "layer1_intent_ms": 1.0384870001871604,
  "layer2_speculator_ms": 0.016370999219361693,
  "layer2_solver_ms": 25606.9134520003,
  "layer2_solver_llm_ms": 25606.727161997696,
  "layer2_solver_assign_ms": 0.1862900026026182,
  "layer4_pipeline_s": 234.1570083250008,
  "layer4_draft_s": 0,
  "speculator_vs_solver_speedup": 1564163.134386779
}