{
  "layer1_intent_ms": 1.2413249987730524,
  "layer2_speculator_ms": 0.022370999431586824,
  "layer2_solver_ms": 31731.77385800045,
  "layer2_solver_llm_ms": 31731.519199000104,
  "layer2_solver_assign_ms": 0.25465900034760125,
  "layer4_pipeline_s": 184.0402881379996,
  "layer4_draft_s": 0,
  "speculator_vs_solver_speedup": 1418433.4479574768
}