{
  "layer1_intent_ms": 1.2636669998755679,
  "layer2_speculator_ms": 0.0,
  "layer2_solver_ms": 0.1026619993353961,
  "layer2_solver_llm_ms": 0.0,
  "layer2_solver_assign_ms": 0.1026619993353961,
  "layer4_pipeline_s": 351.5979316489993,
  "layer4_draft_s": 0,
  "speculator_vs_solver_speedup": 0
}