{
  "layer1_intent_ms": 0.9205390015267767,
  "layer2_speculator_ms": 0.0,
  "layer2_solver_ms": 0.09650499850977212,
  "layer2_solver_llm_ms": 0.0,
  "layer2_solver_assign_ms": 0.09650499850977212,
  "layer4_pipeline_s": 186.99944264999795,
  "layer4_draft_s": 0,
  "speculator_vs_solver_speedup": 0
}