{
  "layer1_intent_ms": 1.6467959999317827,
  "layer2_speculator_ms": 0.0,
  "layer2_solver_ms": 29793.00704599973,
  "layer2_solver_llm_ms": 29792.87268300004,
  "layer2_solver_assign_ms": 0.13436299968816456,
  "layer4_pipeline_s": 209.95288665700036,
  "layer4_draft_s": 0,
  "speculator_vs_solver_speedup": 0
}