{
  "layer1_intent_ms": 1.7840540003817296,
  "layer2_speculator_ms": 0.0,
  "layer2_solver_ms": 35066.7362170002,
  "layer2_solver_llm_ms": 35066.58314900006,
  "layer2_solver_assign_ms": 0.1530680001451401,
  "layer4_pipeline_s": 447.460451337,
  "layer4_draft_s": 0,
  "speculator_vs_solver_speedup": 0
}