{
  "layer1_intent_ms": 2.518394999995621,
  "layer2_speculator_ms": 36168.921867,
  "layer2_solver_ms": 19580.443504999977,
  "layer2_solver_llm_ms": 19580.29687999999,
  "layer2_solver_assign_ms": 0.14662499998667045,
  "layer4_pipeline_s": 147.64140573100002,
  "layer4_draft_s": 0,
  "speculator_vs_solver_speedup": 0.5413609943088984
}