{
  "layer1_intent_ms": 0.9775069993338548,
  "layer2_speculator_ms": 0.0,
  "layer2_solver_ms": 0.09859899728326127,
  "layer2_solver_llm_ms": 0.0,
  "layer2_solver_assign_ms": 0.09859899728326127,
  "layer4_pipeline_s": 197.47758489999978,
  "layer4_draft_s": 0,
  "speculator_vs_solver_speedup": 0
}