{
  "layer1_intent_ms": 1.311474999965867,
  "layer2_speculator_ms": 0.016830999811645597,
  "layer2_solver_ms": 29333.531065999523,
  "layer2_solver_llm_ms": 29333.396492999782,
  "layer2_solver_assign_ms": 0.13457299974106718,
  "layer4_pipeline_s": 292.13721193999936,
  "layer4_draft_s": 0,
  "speculator_vs_solver_speedup": 1742827.603485757
}