{
  "layer1_intent_ms": 1.6667939999024384,
  "layer2_speculator_ms": 0.0,
  "layer2_solver_ms": 0.09002000024338486,
  "layer2_solver_llm_ms": 0.0,
  "layer2_solver_assign_ms": 0.09002000024338486,
  "layer4_pipeline_s": 361.658071803,
  "layer4_draft_s": 0,
  "speculator_vs_solver_speedup": 0
}