{
  "layer1_intent_ms": 1.4735530003235908,
  "layer2_speculator_ms": 0.060092000239819754,
  "layer2_solver_ms": 21628.599679999752,
  "layer2_solver_llm_ms": 21628.440531000706,
  "layer2_solver_assign_ms": 0.15914899904601043,
  "layer4_pipeline_s": 327.2705083110004,
  "layer4_draft_s": 0,
  "speculator_vs_solver_speedup": 359924.77523934434
}