{
  "layer1_intent_ms": 1.1921630011784146,
  "layer2_speculator_ms": 54122.67545699979,
  "layer2_solver_ms": 35456.22757199999,
  "layer2_solver_llm_ms": 35455.99680900159,
  "layer2_solver_assign_ms": 0.23076299839885905,
  "layer4_pipeline_s": 220.05785718399784,
  "layer4_draft_s": 0,
  "speculator_vs_solver_speedup": 0.6551085524249406
}