{
  "layer1_intent_ms": 1.2848550013586646,
  "layer2_speculator_ms": 0.0,
  "layer2_solver_ms": 0.1087870004994329,
  "layer2_solver_llm_ms": 0.0,
  "layer2_solver_assign_ms": 0.1087870004994329,
  "layer4_pipeline_s": 335.1819488050005,
  "layer4_draft_s": 0,
  "speculator_vs_solver_speedup": 0
}