{
  "layer1_intent_ms": 2.0787079993169755,
  "layer2_speculator_ms": 61741.1089670004,
  "layer2_solver_ms": 31511.252739001065,
  "layer2_solver_llm_ms": 31511.10780700037,
  "layer2_solver_assign_ms": 0.14493200069409795,
  "layer4_pipeline_s": 296.09016540800076,
  "layer4_draft_s": 0,
  "speculator_vs_solver_speedup": 0.5103771744016342
}