{
  "layer1_intent_ms": 1.457881000078487,
  "layer2_speculator_ms": 0.0,
  "layer2_solver_ms": 23639.981106999585,
  "layer2_solver_llm_ms": 23639.834120999694,
  "layer2_solver_assign_ms": 0.14698599989060313,
  "layer4_pipeline_s": 330.39113690299973,
  "layer4_draft_s": 0,
  "speculator_vs_solver_speedup": 0
}