{
  "layer1_intent_ms": 1.34826800058363,
  "layer2_speculator_ms": 0.0,
  "layer2_solver_ms": 0.13234600010036957,
  "layer2_solver_llm_ms": 0.0,
  "layer2_solver_assign_ms": 0.13234600010036957,
  "layer4_pipeline_s": 297.8146190989992,
  "layer4_draft_s": 0,
  "speculator_vs_solver_speedup": 0
}