{
  "layer1_intent_ms": 1.5418179999642234,
  "layer2_speculator_ms": 0.027170999999270862,
  "layer2_solver_ms": 30437.41126399999,
  "layer2_solver_llm_ms": 30437.218119999954,
  "layer2_solver_assign_ms": 0.19314400003713672,
  "layer4_pipeline_s": 284.27765874899995,
  "layer4_draft_s": 0,
  "speculator_vs_solver_speedup": 1120216.8217885534
}