{
  "layer1_intent_ms": 0.938185999984853,
  "layer2_speculator_ms": 0.0,
  "layer2_solver_ms": 24754.667574998166,
  "layer2_solver_llm_ms": 24754.51226199948,
  "layer2_solver_assign_ms": 0.1553129986859858,
  "layer4_pipeline_s": 266.7071894829969,
  "layer4_draft_s": 0,
  "speculator_vs_solver_speedup": 0
}