{
  "layer1_intent_ms": 1.4819240004726453,
  "layer2_speculator_ms": 0.0,
  "layer2_solver_ms": 32466.38015499957,
  "layer2_solver_llm_ms": 32466.210058000797,
  "layer2_solver_assign_ms": 0.17009699877235107,
  "layer4_pipeline_s": 259.5357102350008,
  "layer4_draft_s": 0,
  "speculator_vs_solver_speedup": 0
}